Postion,Company,Location,URL
라인프렌즈 2022년 각 부문 수시의 전체 세부 정보,라인프렌즈,서울 용산구,https://kr.indeed.com/rc/clk?jk=1015284880e2ff62&fccid=b6f22bcb6078a2c4&vjs=3
한국전자기술연구원 2022년 하반기 정규직 공개의 전체 세부 정보,한국전자기술연구원,성남 분당구,https://kr.indeed.com/rc/clk?jk=ff35d61be52cbb3a&fccid=5a227109d9727bf9&vjs=3
한국필립모리스 2022년 상반기 수시의 전체 세부 정보,한국필립모리스㈜,서울 영등포구,https://kr.indeed.com/rc/clk?jk=44e9ac7f0f94e784&fccid=fb7e65f74b012d18&vjs=3
AI 영상처리 알고리즘 개발자의 전체 세부 정보,에스케이텔레콤,성남 분당구,https://kr.indeed.com/rc/clk?jk=d2b4fb4e11a672d9&fccid=ce2f0f28b40a5be8&vjs=3
2022년 10월 롯데정보통신 경력의 전체 세부 정보,롯데정보통신,서울 강남구,https://kr.indeed.com/rc/clk?jk=a55123acc3fd6221&fccid=ae6a0ecfe23adfb7&vjs=3
[신입/정규] 온라인 광고 플랫폼 개발 (Python PHP)의 전체 세부 정보,니트머스,서울 중구,https://kr.indeed.com/rc/clk?jk=4148811a142ebaa3&fccid=d9e8f8e1ceec46f5&vjs=3
Data Engineer 신입사원의 전체 세부 정보,플리토,서울 강남구,https://kr.indeed.com/rc/clk?jk=5ab0b45dfa93411b&fccid=01aed038bcce2a5f&vjs=3
클라우드 기술지원 엔지니어의 전체 세부 정보,NHN Enterprise,성남 판교역,https://kr.indeed.com/rc/clk?jk=df0bb90702bee2ac&fccid=a72ebaf825acf7af&vjs=3
2022년 한화솔루션 큐셀부문 Q-Global Talent(연계형 인턴십)의 전체 세부 정보,한화솔루션,서울 중구,https://kr.indeed.com/rc/clk?jk=717a3c91cca82a7a&fccid=2e8b08781039bb66&vjs=3
AI 연구원의 전체 세부 정보,자이언트스텝,서울 강남구,https://kr.indeed.com/rc/clk?jk=3d0fd32229199c5a&fccid=d9feddeccf39e847&vjs=3
Computer Vision Engineer의 전체 세부 정보,에스케이텔레콤,서울 종로구,https://kr.indeed.com/rc/clk?jk=218abedd7afd1346&fccid=ce2f0f28b40a5be8&vjs=3
한국행동과학연구소 각 부문 수시의 전체 세부 정보,한국행동과학연구소,서울 강남구,https://kr.indeed.com/rc/clk?jk=287a2f9783758916&fccid=bfea989faf5bd4e4&vjs=3
[일반직] 혈당측정 알고리즘 개발 신입사원 (~11/3)의 전체 세부 정보,아이센스,서울 서초구,https://kr.indeed.com/rc/clk?jk=ed45ae215f86c0e3&fccid=2cacd2a83b40ea2a&vjs=3
파이썬 백엔드 개발자 (Python Backend Engineer)의 전체 세부 정보,휴레이포지티브,서울 강남구,https://kr.indeed.com/rc/clk?jk=730d15c6dd640481&fccid=9f7671105b7ffbe3&vjs=3
BackEnd Engineer의 전체 세부 정보,Streami,서울,https://kr.indeed.com/company/Streami/jobs/Backend-Engineer-25144ca076736ce1?fccid=7c75d6b5108ae19c&vjs=3
(주)네오위드넷 병역특례(보충역) 소프트웨어 개발자의 전체 세부 정보,네오위드넷,성남 수정구,https://kr.indeed.com/rc/clk?jk=5e52b53f6be0ac62&fccid=1e52e50673979f4e&vjs=3
[Data] 데이터 엔지니어 (플랫폼)의 전체 세부 정보,한국카카오은행,성남 분당구,https://kr.indeed.com/rc/clk?jk=b3e849c22a37e611&fccid=aea6a13a3459fdb2&vjs=3
(주)리얼데이터 분석컨설팅 인력의 전체 세부 정보,리얼데이터,서울 성동구,https://kr.indeed.com/rc/clk?jk=0229342521a71f63&fccid=ac1fdbcac458a3ba&vjs=3
파이썬 개발자 초중급 이상의 전체 세부 정보,데이터앤솔루션,서울 서초구,https://kr.indeed.com/rc/clk?jk=d158e683dc0b7500&fccid=02f32b94107c54e3&vjs=3
언어이해(NLU) 기술 전문가의 전체 세부 정보,에스케이텔레콤,서울 종로구,https://kr.indeed.com/rc/clk?jk=4418703a69ee8e61&fccid=ce2f0f28b40a5be8&vjs=3
분석모델의 전체 세부 정보,KB데이타시스템,서울 마포구,https://kr.indeed.com/rc/clk?jk=d1a1b7bf3790b2e1&fccid=fe227fbd2afb9580&vjs=3
Data Engineer의 전체 세부 정보,여기어때컴퍼니,서울 강남구,https://kr.indeed.com/rc/clk?jk=b6c931991ba43c18&fccid=f37025d91bdbf80c&vjs=3
[OK금융그룹]10월 IT 부문의 전체 세부 정보,오케이저축은행,서울 중구,https://kr.indeed.com/rc/clk?jk=11edbade5f94eae6&fccid=37488e3ba64257e4&vjs=3
2022년 각 부문별 [신입/경력]의 전체 세부 정보,싸이토젠,서울 송파구,https://kr.indeed.com/rc/clk?jk=1f51c32b731b021b&fccid=c1384def0375d762&vjs=3
[11번가] 클라우드 엔지니어의 전체 세부 정보,십일번가,서울 중구,https://kr.indeed.com/rc/clk?jk=c097b17dad2fbf93&fccid=54911ff2dce6c429&vjs=3
AI 영상처리 Serving 시스템 개발자의 전체 세부 정보,에스케이텔레콤,성남 분당구,https://kr.indeed.com/rc/clk?jk=11deb018d1164440&fccid=ce2f0f28b40a5be8&vjs=3
클라우드 운영 부문 경력사원의 전체 세부 정보,현대오토에버,서울 강남구,https://kr.indeed.com/rc/clk?jk=b323ce030e5411cf&fccid=d5a22a3e93377742&vjs=3
Systems Engineer - Korea (1 year Contract)의 전체 세부 정보,Fortinet,서울,https://kr.indeed.com/rc/clk?jk=fe328d4d65e78fd6&fccid=28d99c55a9ebe7b6&vjs=3
[무료교육/연계] 클라우드 기반 스마트융합보안 과정 SK쉴더스 루키즈 10기의 전체 세부 정보,에스케이쉴더스,서울,https://kr.indeed.com/rc/clk?jk=a4253e237665d5b6&fccid=eb364ecce5dfad88&vjs=3
ETF운용팀 (신입사원-대리급)의 전체 세부 정보,신한자산운용,대한민국,https://kr.indeed.com/rc/clk?jk=0a7d793321e65446&fccid=d93d518e8dbb7037&vjs=3
[글로벌AI]인공지능(AI) Engineer의 전체 세부 정보,인코리아 프로페셔널,서울,https://kr.indeed.com/rc/clk?jk=a54daac26d2a702c&fccid=842365965c1f45a0&vjs=3
보안 검수/분석 담당자 모집의 전체 세부 정보,넷마블,서울 구로구,https://kr.indeed.com/rc/clk?jk=7202a4c549df9ccf&fccid=e696d83fde5c0f20&vjs=3
Data Analytics Executive의 전체 세부 정보,한국필립모리스㈜,서울 영등포구,https://kr.indeed.com/rc/clk?jk=831dd205da9095e3&fccid=fb7e65f74b012d18&vjs=3
NPU 런타임 SW 엔지니어의 전체 세부 정보,딥엑스,성남 분당구,https://kr.indeed.com/rc/clk?jk=35c2ac41489508c1&fccid=e34932b8232a173b&vjs=3
[신입] 위대한 Rookies 5기 (Python/Backend Developer)의 전체 세부 정보,위대한상상,서울 서초구,https://kr.indeed.com/rc/clk?jk=215ee623b7478042&fccid=e8cc3946292de49a&vjs=3
데이터 분석가(Junior)의 전체 세부 정보,엔라이즈,서울 강남구,https://kr.indeed.com/rc/clk?jk=33560fb61443f4e5&fccid=44087c9409db9e88&vjs=3
Data Scientist의 전체 세부 정보,위대한상상,서울 서초구,https://kr.indeed.com/rc/clk?jk=f542fd8d59d1ee01&fccid=e8cc3946292de49a&vjs=3
[신용리스크모델링] 개인/개인사업자 신용평가모형 개발 및 운영 담당자의 전체 세부 정보,한국카카오은행,성남 분당구,https://kr.indeed.com/rc/clk?jk=b7128e1a15428f4b&fccid=aea6a13a3459fdb2&vjs=3
Python 기반 빅데이터 처리 개발자의 전체 세부 정보,드림어스컴퍼니,서울 서초구,https://kr.indeed.com/rc/clk?jk=d364360d1e0368e3&fccid=d5dc18a57ad82f07&vjs=3
[경영혁신본부] 플랫폼 개발자(정규직) 10월 수시의 전체 세부 정보,샘표식품,서울 중구,https://kr.indeed.com/rc/clk?jk=9f66534a2e575aee&fccid=fd664cf43c2cdb73&vjs=3
AI/빅데이터 데이터분석(석박사) (양재역)의 전체 세부 정보,시니어앤파트너즈,서울 서초구,https://kr.indeed.com/rc/clk?jk=a2c96d1b99630c56&fccid=59060ddcdf96b101&vjs=3
음성합성 보이스모델링 및 시스템 개발 전문가의 전체 세부 정보,에스케이텔레콤,서울 종로구,https://kr.indeed.com/rc/clk?jk=840702ff085535d3&fccid=ce2f0f28b40a5be8&vjs=3
AI 모빌리티 서비스의 미래 함께 열어갈 우수한 인재 찾습니다.의 전체 세부 정보,라온로드,성남 분당구,https://kr.indeed.com/rc/clk?jk=5133adebeb209d23&fccid=3f9a516642f6114a&vjs=3
[11번가] Machine Learning 및 검색랭킹 개발 분야의 전체 세부 정보,십일번가,서울 중구,https://kr.indeed.com/rc/clk?jk=c14b0f94f5a64313&fccid=54911ff2dce6c429&vjs=3
[Data] 분석 데이터 엔지니어의 전체 세부 정보,한국카카오은행,성남 분당구,https://kr.indeed.com/rc/clk?jk=ebf3b3cab8333419&fccid=aea6a13a3459fdb2&vjs=3
Machine Learning Engineer Intern - Korea의 전체 세부 정보,MOLOCO,서울,https://kr.indeed.com/rc/clk?jk=69d3cc2cca262747&fccid=27317bcae2b26fe5&vjs=3
[선행기술원] 강화학습 제어 기술[책임연구원]의 전체 세부 정보,현대자동차그룹,성남 판교역,https://kr.indeed.com/rc/clk?jk=73f8c196ea9841a9&fccid=980d6ecc399a3373&vjs=3
[NAVER Z] 데이터 엔지니어의 전체 세부 정보,네이버제트,성남 분당구,https://kr.indeed.com/rc/clk?jk=7890d29d0879c06d&fccid=bc34e4450e078d19&vjs=3
[포티투마루] 인공지능(AI) 개발자 전 부문의 전체 세부 정보,포티투마루,서울 서초구,https://kr.indeed.com/rc/clk?jk=22ffe020e40de675&fccid=b6cebf2e7d619f07&vjs=3
8퍼센트 개발자 (신입/경력)의 전체 세부 정보,8퍼센트,서울 종로구,https://kr.indeed.com/rc/clk?jk=8af26b37623864c4&fccid=ac216a9ae7b75c06&vjs=3
[NAVER Cloud] 시스템 엔지니어의 전체 세부 정보,네이버클라우드,성남 분당구,https://kr.indeed.com/rc/clk?jk=75dc525f15f4c03a&fccid=54815931228b42c0&vjs=3
[선행기술원] Quantum Information - 양자 알고리즘[책임연구원]의 전체 세부 정보,현대자동차그룹,성남 판교역,https://kr.indeed.com/rc/clk?jk=95bead20034b3ade&fccid=980d6ecc399a3373&vjs=3
기술 문서 작성 전문가의 전체 세부 정보,딥엑스,성남 분당구,https://kr.indeed.com/rc/clk?jk=44f52ea73a6d25da&fccid=e34932b8232a173b&vjs=3
위시켓과 함께할 서버개발자님의 전체 세부 정보,위시켓,서울 강남구,https://kr.indeed.com/rc/clk?jk=a3a65a4d59061430&fccid=533c91503ff32d48&vjs=3
[외국계 스타트업 미소] Business Analyst Intern (정규직 전환형)의 전체 세부 정보,유한회사 미소,서울,https://kr.indeed.com/rc/clk?jk=4c25d6649f8434a8&fccid=02936474a8d39137&vjs=3
기술 인턴 인공지능 응용 연구/개발 인턴의 전체 세부 정보,써로마인드로보틱스,서울 관악구,https://kr.indeed.com/rc/clk?jk=71c47ac87bb4087e&fccid=230e414668234579&vjs=3
Developer / Designer recruit의 전체 세부 정보,마이뮤직테이스트,서울 논현동,https://kr.indeed.com/rc/clk?jk=55a19c92c845685e&fccid=74d05cee5b52f133&vjs=3
[포티투마루] 인공지능(AI) 챗봇사업부 전 직군의 전체 세부 정보,포티투마루,서울 서초구,https://kr.indeed.com/rc/clk?jk=a92b737cbbdf425f&fccid=b6cebf2e7d619f07&vjs=3
Business Intelligence Engineer의 전체 세부 정보,위대한상상,서울 서초구,https://kr.indeed.com/rc/clk?jk=66d5443bacc04874&fccid=e8cc3946292de49a&vjs=3
클라우드 플랫폼 운영 엔지니어의 전체 세부 정보,NHN Enterprise,성남 판교역,https://kr.indeed.com/rc/clk?jk=40e20a58af1e44ee&fccid=a72ebaf825acf7af&vjs=3
[FrontEnd] 웹서비스 프론트엔드 개발자의 전체 세부 정보,한국카카오은행,성남 분당구,https://kr.indeed.com/rc/clk?jk=48641f82ffd3fd2c&fccid=aea6a13a3459fdb2&vjs=3
외국계 글로벌 - 물류 컨설팅 전문가의 전체 세부 정보,레퍼첵앤커리어,서울 영등포구,https://kr.indeed.com/rc/clk?jk=af44b5adefdd16f3&fccid=e597d45e0720074f&vjs=3
디지털 미디어 매니저(퍼포먼스&브랜딩) 신입/경력의 전체 세부 정보,스스스스,서울 서초구,https://kr.indeed.com/rc/clk?jk=4d6fa0f1b9726d7c&fccid=350448f49645d244&vjs=3
영상인식 서비스 및 Serving 개발자의 전체 세부 정보,에스케이텔레콤,서울 종로구,https://kr.indeed.com/rc/clk?jk=52f97405f10d41fa&fccid=ce2f0f28b40a5be8&vjs=3
[그로스마케팅] 그로스마케팅 담당자의 전체 세부 정보,한국카카오은행,성남 분당구,https://kr.indeed.com/rc/clk?jk=da34d167eab33f11&fccid=aea6a13a3459fdb2&vjs=3
제어 엔지니어 신입 (전문연구요원)의 전체 세부 정보,컨트롤웍스,서울 강남구,https://kr.indeed.com/rc/clk?jk=52d2738148117f1f&fccid=b9a4c1a753f43642&vjs=3
웹개발자 백엔드&서버개발(HTML·DHTML·mHTML JAVA 외) 신입/경력 정규직의 전체 세부 정보,블록스퀘어서울,서울 서초구,https://kr.indeed.com/rc/clk?jk=1eeb4f006adf13ba&fccid=72348558bd9456ba&vjs=3
자율 주행 로봇 SW 개발자의 전체 세부 정보,에바,성남 수정구,https://kr.indeed.com/rc/clk?jk=e30fe92d72ceb17c&fccid=5cc87f5890bd7170&vjs=3
Search Data Platform Engineer 영입의 전체 세부 정보,카카오페이,성남 분당구,https://kr.indeed.com/rc/clk?jk=4024219bbfb23e5e&fccid=c3aa6121be03065c&vjs=3
Machine Learning Engineer의 전체 세부 정보,Bayview Technologies Inc.,서울,https://kr.indeed.com/company/Bayview-Technologies-Inc./jobs/Machine-Learning-Engineer-d817970725257c48?fccid=aec836a8d6f84175&vjs=3
[신입/경력] 검색서비스개발 담당자의 전체 세부 정보,다나와,서울 양천구,https://kr.indeed.com/rc/clk?jk=dbf097335d890bd0&fccid=aff8f0cc5aa38973&vjs=3
[Data] 데이터웨어하우스 운영 담당자의 전체 세부 정보,한국카카오은행,성남 분당구,https://kr.indeed.com/rc/clk?jk=c689e743fca21b2f&fccid=aea6a13a3459fdb2&vjs=3
전문연구요원 (병역특례) 수시 (AI / HW 분야)의 전체 세부 정보,딥엑스,성남 분당구,https://kr.indeed.com/rc/clk?jk=78e99625e5de3c95&fccid=e34932b8232a173b&vjs=3
RTL Verification Engineer의 전체 세부 정보,Harman International,서울,https://kr.indeed.com/rc/clk?jk=e093c59892d032e1&fccid=4faf342d2307e9ed&vjs=3
투자자문부 경력직원의 전체 세부 정보,신영증권,,https://kr.indeed.com/rc/clk?jk=94c4fa883796e51a&fccid=08b98c3fea350315&vjs=3
Python Developer,RemoteMore,Americas Only/Europe Only/EMEA Only/Africa Only,https://weworkremotely.com/remote-jobs/remotemore-python-developer-5
Senior Full Stack Engineer (Node.js Python),Weflow,Europe Only,https://weworkremotely.com/remote-jobs/weflow-senior-full-stack-engineer-node-js-python
Senior Open Source Developer & DevOps (Python Django React AWS/OpenStack),OpenCraft,Anywhere in the World,https://weworkremotely.com/remote-jobs/opencraft-senior-open-source-developer-devops-python-django-react-aws-openstack
Senior Python Engineer: Long-term job - 100% remote,Proxify AB,Anywhere in the World,https://weworkremotely.com/remote-jobs/proxify-ab-senior-python-engineer-long-term-job-100-remote
NodeJS and Python Software Engineer (REMOTE),SystemOne LLC,Anywhere in the World,https://weworkremotely.com/remote-jobs/systemone-llc-nodejs-and-python-software-engineer-remote
(Senior) Python Full Stack Software Developer,Optimile,Europe Only,https://weworkremotely.com/remote-jobs/optimile-senior-python-full-stack-software-developer
Python / PHP Senior Developer for Ambitious Startup,Soundsnap/ Beatopia,Europe Only,https://weworkremotely.com/remote-jobs/soundsnap-beatopia-python-php-senior-developer-for-ambitious-startup
Senior Backend Engineer (Python),TestGorilla,Anywhere in the World,https://weworkremotely.com/remote-jobs/testgorilla-senior-backend-engineer-python-8
C++ / Python Developer,Flightradar24,EMEA Only,https://weworkremotely.com/remote-jobs/flightradar24-cpp-python-developer-1
Senior Software Engineer Python,AssemblyAI (YC 17),Anywhere in the World,https://weworkremotely.com/remote-jobs/assemblyai-yc-17-senior-software-engineer-python
Senior Software Engineer - Python / Django,CloudTruth,Anywhere in the World,https://weworkremotely.com/remote-jobs/cloudtruth-senior-software-engineer-python-django
Senior Python Developer - Full Remote ,Ebury,Latin America Only/Europe Only,https://weworkremotely.com/remote-jobs/ebury-senior-python-developer-full-remote-1
Python Developer - Remote,UpStack Technologies Inc.,Americas Only/Europe Only,https://weworkremotely.com/remote-jobs/upstack-technologies-inc-python-developer-remote
Python Platform Engineer,Doximity,Americas Only,https://weworkremotely.com/remote-jobs/doximity-python-platform-engineer
Senior Python Engineer,Clevertech,Anywhere in the World,https://weworkremotely.com/remote-jobs/clevertech-senior-python-engineer-4
